Data Type,Group Type,Series Name,Item Name,From Date,To Date
Major Industry Group for States (2-Digit),Principal Characteristics By State and By Major Industry Groups (2-Digit),1987,Basic Chemicals & Chemical Products (except products of Petroleum & Coal),1979-1980,1997-1998
Major Industry Group for States (2-Digit),Principal Characteristics By State and By Major Industry Groups (2-Digit),1987,Basic Metal and Alloy Industries,1979-1980,1997-1998
Major Industry Group for States (2-Digit),Principal Characteristics By State and By Major Industry Groups (2-Digit),1987,"Beverages, Tobacco and Related Products",1979-1980,1997-1998
Major Industry Group for States (2-Digit),Principal Characteristics By State and By Major Industry Groups (2-Digit),1987,Cotton Textiles,1979-1980,1997-1998
Major Industry Group for States (2-Digit),Principal Characteristics By State and By Major Industry Groups (2-Digit),1987,"Electrical Machinery Apparatus, Appliances and Supplies and Parts",1979-1980,1997-1998
Major Industry Group for States (2-Digit),Principal Characteristics By State and By Major Industry Groups (2-Digit),1987,Food Products,1979-1980,1997-1998
Major Industry Group for States (2-Digit),Principal Characteristics By State and By Major Industry Groups (2-Digit),1987,Gas and Steam Generation and Distribution  Through Pipes,1979-1980,1997-1998
Major Industry Group for States (2-Digit),Principal Characteristics By State and By Major Industry Groups (2-Digit),1987,Generation and transmission of electric energy,1979-1980,1997-1998
Major Industry Group for States (2-Digit),Principal Characteristics By State and By Major Industry Groups (2-Digit),1987,Jute and other vegetable fibre Textiles (except cotton),1979-1980,1997-1998
Major Industry Group for States (2-Digit),Principal Characteristics By State and By Major Industry Groups (2-Digit),1987,Leather and Leather & Fur Products,1979-1980,1997-1998
Major Industry Group for States (2-Digit),Principal Characteristics By State and By Major Industry Groups (2-Digit),1987,Machinery and Equipment other than Transport equipment,1979-1980,1997-1998
Major Industry Group for States (2-Digit),Principal Characteristics By State and By Major Industry Groups (2-Digit),1987,"Machinery, Machine Tools and Parts Except Electrical Machinery",1979-1980,1997-1998
Major Industry Group for States (2-Digit),Principal Characteristics By State and By Major Industry Groups (2-Digit),1987,Manufacture of Basic Metals,1979-1980,1997-1998
Major Industry Group for States (2-Digit),Principal Characteristics By State and By Major Industry Groups (2-Digit),1987,Manufacture of Chemicals and Products,1979-1980,1997-1998
Major Industry Group for States (2-Digit),Principal Characteristics By State and By Major Industry Groups (2-Digit),1987,"Manufacture of Coke, Refined Petroleum Products and Nuclear Fuel",1979-1980,1997-1998
Major Industry Group for States (2-Digit),Principal Characteristics By State and By Major Industry Groups (2-Digit),1987,"manufacture of computer, electronic and optical products",1979-1980,1997-1998
Major Industry Group for States (2-Digit),Principal Characteristics By State and By Major Industry Groups (2-Digit),1987,Manufacture of electrical equipment,1979-1980,1997-1998
Major Industry Group for States (2-Digit),Principal Characteristics By State and By Major Industry Groups (2-Digit),1987,Manufacture of Electrical Machinery and Apparatus N.E.C.,1979-1980,1997-1998
Major Industry Group for States (2-Digit),Principal Characteristics By State and By Major Industry Groups (2-Digit),1987,"Manufacture of fabricated metal products, except machinery and equipment",1979-1980,1997-1998
Major Industry Group for States (2-Digit),Principal Characteristics By State and By Major Industry Groups (2-Digit),1987,"Manufacture of Fabricated Metal Products, Except Machinery and Equipments",1979-1980,1997-1998
Major Industry Group for States (2-Digit),Principal Characteristics By State and By Major Industry Groups (2-Digit),1987,Manufacture of furniture,1979-1980,1997-1998
Major Industry Group for States (2-Digit),Principal Characteristics By State and By Major Industry Groups (2-Digit),1987,Manufacture of Furniture; Manufacturing N.E.C.,1979-1980,1997-1998
Major Industry Group for States (2-Digit),Principal Characteristics By State and By Major Industry Groups (2-Digit),1987,Manufacture of machinery and equipment n.e.c,1979-1980,1997-1998
Major Industry Group for States (2-Digit),Principal Characteristics By State and By Major Industry Groups (2-Digit),1987,manufacture of machinery and equipment n.e.c.,1979-1980,1997-1998
Major Industry Group for States (2-Digit),Principal Characteristics By State and By Major Industry Groups (2-Digit),1987,Manufacture of Machinery and Equipments N.E.C,1979-1980,1997-1998
Major Industry Group for States (2-Digit),Principal Characteristics By State and By Major Industry Groups (2-Digit),1987,"Manufacture of Medical, Precision and Optical Instruments, Watches and Clocks",1979-1980,1997-1998
Major Industry Group for States (2-Digit),Principal Characteristics By State and By Major Industry Groups (2-Digit),1987,"Manufacture of motor vehicles, trailers and semi-trailers",1979-1980,1997-1998
Major Industry Group for States (2-Digit),Principal Characteristics By State and By Major Industry Groups (2-Digit),1987,"Manufacture of Office, Accounting and Computing Machinery",1979-1980,1997-1998
Major Industry Group for States (2-Digit),Principal Characteristics By State and By Major Industry Groups (2-Digit),1987,Manufacture of Other Non-Metallic Mineral Products,1979-1980,1997-1998
Major Industry Group for States (2-Digit),Principal Characteristics By State and By Major Industry Groups (2-Digit),1987,manufacture of other transport equipment,1979-1980,1997-1998
Major Industry Group for States (2-Digit),Principal Characteristics By State and By Major Industry Groups (2-Digit),1987,"Manufacture of Radio, Television and Communication Equipments and Apparatus",1979-1980,1997-1998
Major Industry Group for States (2-Digit),Principal Characteristics By State and By Major Industry Groups (2-Digit),1987,Manufacture of Rubber and Plastic Products,1979-1980,1997-1998
Major Industry Group for States (2-Digit),Principal Characteristics By State and By Major Industry Groups (2-Digit),1987,manufacture of rubber and plastics products,1979-1980,1997-1998
Major Industry Group for States (2-Digit),Principal Characteristics By State and By Major Industry Groups (2-Digit),1987,"Metal Products and Parts, except Machinery and Equipment",1979-1980,1997-1998
Major Industry Group for States (2-Digit),Principal Characteristics By State and By Major Industry Groups (2-Digit),1987,Non-Conventional Energy Generation and Distribution,1979-1980,1997-1998
Major Industry Group for States (2-Digit),Principal Characteristics By State and By Major Industry Groups (2-Digit),1987,Non-Metallic Mineral Products,1979-1980,1997-1998
Major Industry Group for States (2-Digit),Principal Characteristics By State and By Major Industry Groups (2-Digit),1987,other manufacturing,1979-1980,1997-1998
Major Industry Group for States (2-Digit),Principal Characteristics By State and By Major Industry Groups (2-Digit),1987,Other Manufacturing Industries,1979-1980,1997-1998
Major Industry Group for States (2-Digit),Principal Characteristics By State and By Major Industry Groups (2-Digit),1987,"Paper & Paper Products and Printing, Publishing & Allied Industries",1979-1980,1997-1998
Major Industry Group for States (2-Digit),Principal Characteristics By State and By Major Industry Groups (2-Digit),1987,Personal Services,1979-1980,1997-1998
Major Industry Group for States (2-Digit),Principal Characteristics By State and By Major Industry Groups (2-Digit),1987,"Publishing, Printing and Reproduction of Recorded Media",1979-1980,1997-1998
Major Industry Group for States (2-Digit),Principal Characteristics By State and By Major Industry Groups (2-Digit),1987,Recreational and Cultural Services,1979-1980,1997-1998
Major Industry Group for States (2-Digit),Principal Characteristics By State and By Major Industry Groups (2-Digit),1987,Recycling,1979-1980,1997-1998
Major Industry Group for States (2-Digit),Principal Characteristics By State and By Major Industry Groups (2-Digit),1987,Repair and installation of machinery and equipment,1979-1980,1997-1998
Major Industry Group for States (2-Digit),Principal Characteristics By State and By Major Industry Groups (2-Digit),1987,Repair of Capital Goods,1979-1980,1997-1998
Major Industry Group for States (2-Digit),Principal Characteristics By State and By Major Industry Groups (2-Digit),1987,Repair of household electrical appliances,1979-1980,1997-1998
Major Industry Group for States (2-Digit),Principal Characteristics By State and By Major Industry Groups (2-Digit),1987,"Rubber, Plastic, Petroleum and Coal Products",1979-1980,1997-1998
Major Industry Group for States (2-Digit),Principal Characteristics By State and By Major Industry Groups (2-Digit),1987,Sanitary Services,1979-1980,1997-1998
Major Industry Group for States (2-Digit),Principal Characteristics By State and By Major Industry Groups (2-Digit),1987,Services not elsewhere Classified,1979-1980,1997-1998
Major Industry Group for States (2-Digit),Principal Characteristics By State and By Major Industry Groups (2-Digit),1987,Storage and Warehousing Services,1979-1980,1997-1998
Major Industry Group for States (2-Digit),Principal Characteristics By State and By Major Industry Groups (2-Digit),1987,Textile Products (including Wearing Apparel),1979-1980,1997-1998
Major Industry Group for States (2-Digit),Principal Characteristics By State and By Major Industry Groups (2-Digit),1987,Transport Equipment and Parts,1979-1980,1997-1998
Major Industry Group for States (2-Digit),Principal Characteristics By State and By Major Industry Groups (2-Digit),1987,"waste collection, treatment and disposal activities; materials recovery",1979-1980,1997-1998
Major Industry Group for States (2-Digit),Principal Characteristics By State and By Major Industry Groups (2-Digit),1987,Water Works and Supply,1979-1980,1997-1998
Major Industry Group for States (2-Digit),Principal Characteristics By State and By Major Industry Groups (2-Digit),1987,Wood and Wood Products; Furniture and Fixtures,1979-1980,1997-1998
Major Industry Group for States (2-Digit),Principal Characteristics By State and By Major Industry Groups (2-Digit),1987,"Wool, Silk and man-made fibre textiles",1979-1980,1997-1998
Major Industry Group for States (2-Digit),Principal Characteristics By State and By Major Industry Groups (2-Digit),1998,"Agriculture, Hunting and Related Service Activities",1989-1990,2003-2004
Major Industry Group for States (2-Digit),Principal Characteristics By State and By Major Industry Groups (2-Digit),1998,Basic Chemicals & Chemical Products (except products of Petroleum & Coal),1998-1999,2003-2004
Major Industry Group for States (2-Digit),Principal Characteristics By State and By Major Industry Groups (2-Digit),1998,Basic Metal and Alloy Industries,1998-1999,2003-2004
Major Industry Group for States (2-Digit),Principal Characteristics By State and By Major Industry Groups (2-Digit),1998,"Beverages, Tobacco and Related Products",1989-1990,2003-2004
Major Industry Group for States (2-Digit),Principal Characteristics By State and By Major Industry Groups (2-Digit),1998,Cotton Textiles,1989-1990,2003-2004
Major Industry Group for States (2-Digit),Principal Characteristics By State and By Major Industry Groups (2-Digit),1998,"crop and animal production, hunting and related service activities",1989-1990,2003-2004
Major Industry Group for States (2-Digit),Principal Characteristics By State and By Major Industry Groups (2-Digit),1998,"Electrical Machinery Apparatus, Appliances and Supplies and Parts",1989-1990,2003-2004
Major Industry Group for States (2-Digit),Principal Characteristics By State and By Major Industry Groups (2-Digit),1998,Generation and transmission of electric energy,1998-1999,2003-2004
Major Industry Group for States (2-Digit),Principal Characteristics By State and By Major Industry Groups (2-Digit),1998,Jute and other vegetable fibre Textiles (except cotton),1989-1990,2003-2004
Major Industry Group for States (2-Digit),Principal Characteristics By State and By Major Industry Groups (2-Digit),1998,Leather and Leather & Fur Products,1989-1990,2003-2004
Major Industry Group for States (2-Digit),Principal Characteristics By State and By Major Industry Groups (2-Digit),1998,"Machinery, Machine Tools and Parts Except Electrical Machinery",1998-1999,2003-2004
Major Industry Group for States (2-Digit),Principal Characteristics By State and By Major Industry Groups (2-Digit),1998,Manufacture of Basic Metals,1989-1990,2003-2004
Major Industry Group for States (2-Digit),Principal Characteristics By State and By Major Industry Groups (2-Digit),1998,manufacture of chemicals and chemical products,1989-1990,2003-2004
Major Industry Group for States (2-Digit),Principal Characteristics By State and By Major Industry Groups (2-Digit),1998,Manufacture of Chemicals and Products,1989-1990,2003-2004
Major Industry Group for States (2-Digit),Principal Characteristics By State and By Major Industry Groups (2-Digit),1998,Manufacture of coke and refined petroleum products,1998-1999,2003-2004
Major Industry Group for States (2-Digit),Principal Characteristics By State and By Major Industry Groups (2-Digit),1998,"Manufacture of Coke, Refined Petroleum Products and Nuclear Fuel",1989-1990,2003-2004
Major Industry Group for States (2-Digit),Principal Characteristics By State and By Major Industry Groups (2-Digit),1998,"manufacture of computer, electronic and optical products",1989-1990,2003-2004
Major Industry Group for States (2-Digit),Principal Characteristics By State and By Major Industry Groups (2-Digit),1998,Manufacture of electrical equipment,1989-1990,2003-2004
Major Industry Group for States (2-Digit),Principal Characteristics By State and By Major Industry Groups (2-Digit),1998,Manufacture of Electrical Machinery and Apparatus N.E.C.,1989-1990,2003-2004
Major Industry Group for States (2-Digit),Principal Characteristics By State and By Major Industry Groups (2-Digit),1998,"Manufacture of fabricated metal products, except machinery and equipment",1989-1990,2003-2004
Major Industry Group for States (2-Digit),Principal Characteristics By State and By Major Industry Groups (2-Digit),1998,"Manufacture of Fabricated Metal Products, Except Machinery and Equipments",1989-1990,2003-2004
Major Industry Group for States (2-Digit),Principal Characteristics By State and By Major Industry Groups (2-Digit),1998,Manufacture of Food Products and Beverages,1989-1990,2003-2004
Major Industry Group for States (2-Digit),Principal Characteristics By State and By Major Industry Groups (2-Digit),1998,Manufacture of furniture,1989-1990,2003-2004
Major Industry Group for States (2-Digit),Principal Characteristics By State and By Major Industry Groups (2-Digit),1998,Manufacture of Furniture; Manufacturing N.E.C.,1989-1990,2003-2004
Major Industry Group for States (2-Digit),Principal Characteristics By State and By Major Industry Groups (2-Digit),1998,Manufacture of leather and related products,1989-1990,2003-2004
Major Industry Group for States (2-Digit),Principal Characteristics By State and By Major Industry Groups (2-Digit),1998,Manufacture of machinery and equipment n.e.c,1989-1990,2003-2004
Major Industry Group for States (2-Digit),Principal Characteristics By State and By Major Industry Groups (2-Digit),1998,manufacture of machinery and equipment n.e.c.,1989-1990,2003-2004
Major Industry Group for States (2-Digit),Principal Characteristics By State and By Major Industry Groups (2-Digit),1998,Manufacture of Machinery and Equipments N.E.C,1989-1990,2003-2004
Major Industry Group for States (2-Digit),Principal Characteristics By State and By Major Industry Groups (2-Digit),1998,"Manufacture of Medical, Precision and Optical Instruments, Watches and Clocks",1998-1999,2003-2004
Major Industry Group for States (2-Digit),Principal Characteristics By State and By Major Industry Groups (2-Digit),1998,"Manufacture of Motor Vehicles, Trailers and Semi-Trailers",1989-1990,2003-2004
Major Industry Group for States (2-Digit),Principal Characteristics By State and By Major Industry Groups (2-Digit),1998,"Manufacture of Office, Accounting and Computing Machinery",1998-1999,2003-2004
Major Industry Group for States (2-Digit),Principal Characteristics By State and By Major Industry Groups (2-Digit),1998,Manufacture of Other Non-Metallic Mineral Products,1989-1990,2003-2004
Major Industry Group for States (2-Digit),Principal Characteristics By State and By Major Industry Groups (2-Digit),1998,manufacture of other transport equipment,1998-1999,2003-2004
Major Industry Group for States (2-Digit),Principal Characteristics By State and By Major Industry Groups (2-Digit),1998,Manufacture of Paper and Paper Products,1989-1990,2003-2004
Major Industry Group for States (2-Digit),Principal Characteristics By State and By Major Industry Groups (2-Digit),1998,"Manufacture of pharmaceuticals, medicinal chemical and botanical products",1989-1990,2003-2004
Major Industry Group for States (2-Digit),Principal Characteristics By State and By Major Industry Groups (2-Digit),1998,"Manufacture of Radio, Television and Communication Equipments and Apparatus",1989-1990,2003-2004
Major Industry Group for States (2-Digit),Principal Characteristics By State and By Major Industry Groups (2-Digit),1998,Manufacture of Rubber and Plastic Products,1989-1990,2003-2004
Major Industry Group for States (2-Digit),Principal Characteristics By State and By Major Industry Groups (2-Digit),1998,manufacture of rubber and plastics products,1989-1990,2003-2004
Major Industry Group for States (2-Digit),Principal Characteristics By State and By Major Industry Groups (2-Digit),1998,Manufacture of Textiles,1989-1990,2003-2004
Major Industry Group for States (2-Digit),Principal Characteristics By State and By Major Industry Groups (2-Digit),1998,Manufacture of Tobacco Products,1989-1990,2003-2004
Major Industry Group for States (2-Digit),Principal Characteristics By State and By Major Industry Groups (2-Digit),1998,manufacture of wearing apparel,1998-1999,2003-2004
Major Industry Group for States (2-Digit),Principal Characteristics By State and By Major Industry Groups (2-Digit),1998,Manufacture of Wearing Apparel Dressing and Dyeing of Fur,1998-1999,2003-2004
Major Industry Group for States (2-Digit),Principal Characteristics By State and By Major Industry Groups (2-Digit),1998,"Manufacture of Wood and Products of Wood and Cork, Except Furniture, Manufacture of Articles of Straw and Plating Materials",1989-1990,2003-2004
Major Industry Group for States (2-Digit),Principal Characteristics By State and By Major Industry Groups (2-Digit),1998,"manufacture of wood and products of wood and cork, except furniture; manufacture of articles of straw and plaiting materials",1989-1990,2003-2004
Major Industry Group for States (2-Digit),Principal Characteristics By State and By Major Industry Groups (2-Digit),1998,"Manufacture of woodand of products of wood and cork,except furniture;  manufacture  of articles  of straw and  plaiting  materials",1989-1990,2003-2004
Major Industry Group for States (2-Digit),Principal Characteristics By State and By Major Industry Groups (2-Digit),1998,"Metal Products and Parts, except Machinery and Equipment",1989-1990,2003-2004
Major Industry Group for States (2-Digit),Principal Characteristics By State and By Major Industry Groups (2-Digit),1998,Non-Metallic Mineral Products,1989-1990,2003-2004
Major Industry Group for States (2-Digit),Principal Characteristics By State and By Major Industry Groups (2-Digit),1998,other manufacturing,1989-1990,2003-2004
Major Industry Group for States (2-Digit),Principal Characteristics By State and By Major Industry Groups (2-Digit),1998,Other Mining and Quarrying,1998-1999,2003-2004
Major Industry Group for States (2-Digit),Principal Characteristics By State and By Major Industry Groups (2-Digit),1998,"Paper & Paper Products and Printing, Publishing & Allied Industries",1989-1990,2003-2004
Major Industry Group for States (2-Digit),Principal Characteristics By State and By Major Industry Groups (2-Digit),1998,printing and reproduction of recorded media,1998-1999,2003-2004
Major Industry Group for States (2-Digit),Principal Characteristics By State and By Major Industry Groups (2-Digit),1998,"Printing and reproduction of recorded media (this division excludes publishing activities, see section J for publishing activities",1998-1999,2003-2004
Major Industry Group for States (2-Digit),Principal Characteristics By State and By Major Industry Groups (2-Digit),1998,"Publishing, Printing and Reproduction of Recorded Media",1989-1990,2003-2004
Major Industry Group for States (2-Digit),Principal Characteristics By State and By Major Industry Groups (2-Digit),1998,Recycling,1998-1999,2003-2004
Major Industry Group for States (2-Digit),Principal Characteristics By State and By Major Industry Groups (2-Digit),1998,Repair and installation of machinery and equipment,1998-1999,2003-2004
Major Industry Group for States (2-Digit),Principal Characteristics By State and By Major Industry Groups (2-Digit),1998,"Rubber, Plastic, Petroleum and Coal Products",1989-1990,2003-2004
Major Industry Group for States (2-Digit),Principal Characteristics By State and By Major Industry Groups (2-Digit),1998,"Tanning and Dressing of Leather Manufacture of Luggage, Handsbages, Saddlery, Harness and Footwear",1998-1999,2003-2004
Major Industry Group for States (2-Digit),Principal Characteristics By State and By Major Industry Groups (2-Digit),1998,Textile Products (including Wearing Apparel),1989-1990,2003-2004
Major Industry Group for States (2-Digit),Principal Characteristics By State and By Major Industry Groups (2-Digit),1998,Transport Equipment and Parts,1998-1999,2003-2004
Major Industry Group for States (2-Digit),Principal Characteristics By State and By Major Industry Groups (2-Digit),1998,Wood and Wood Products; Furniture and Fixtures,1989-1990,2003-2004
Major Industry Group for States (2-Digit),Principal Characteristics By State and By Major Industry Groups (2-Digit),1998,"Wool, Silk and man-made fibre textiles",1989-1990,2003-2004
Major Industry Group for States (2-Digit),Principal Characteristics By State and By Major Industry Groups (2-Digit),2004,"Agriculture, Hunting and Related Service Activities",2004-2005,2007-2008
Major Industry Group for States (2-Digit),Principal Characteristics By State and By Major Industry Groups (2-Digit),2004,Basic Chemicals & Chemical Products (except products of Petroleum & Coal),2004-2005,2007-2008
Major Industry Group for States (2-Digit),Principal Characteristics By State and By Major Industry Groups (2-Digit),2004,Basic Metal and Alloy Industries,2004-2005,2007-2008
Major Industry Group for States (2-Digit),Principal Characteristics By State and By Major Industry Groups (2-Digit),2004,"Beverages, Tobacco and Related Products",2004-2005,2007-2008
Major Industry Group for States (2-Digit),Principal Characteristics By State and By Major Industry Groups (2-Digit),2004,Cotton Textiles,2004-2005,2007-2008
Major Industry Group for States (2-Digit),Principal Characteristics By State and By Major Industry Groups (2-Digit),2004,"crop and animal production, hunting and related service activities",2004-2005,2007-2008
Major Industry Group for States (2-Digit),Principal Characteristics By State and By Major Industry Groups (2-Digit),2004,"Electrical Machinery Apparatus, Appliances and Supplies and Parts",2004-2005,2007-2008
Major Industry Group for States (2-Digit),Principal Characteristics By State and By Major Industry Groups (2-Digit),2004,Jute and other vegetable fibre Textiles (except cotton),2004-2005,2007-2008
Major Industry Group for States (2-Digit),Principal Characteristics By State and By Major Industry Groups (2-Digit),2004,Leather and Leather & Fur Products,2004-2005,2007-2008
Major Industry Group for States (2-Digit),Principal Characteristics By State and By Major Industry Groups (2-Digit),2004,"Machinery, Machine Tools and Parts Except Electrical Machinery",2004-2005,2007-2008
Major Industry Group for States (2-Digit),Principal Characteristics By State and By Major Industry Groups (2-Digit),2004,Manufacture of Basic Metals,2004-2005,2007-2008
Major Industry Group for States (2-Digit),Principal Characteristics By State and By Major Industry Groups (2-Digit),2004,manufacture of chemicals and chemical products,2004-2005,2007-2008
Major Industry Group for States (2-Digit),Principal Characteristics By State and By Major Industry Groups (2-Digit),2004,Manufacture of Chemicals and Products,2004-2005,2007-2008
Major Industry Group for States (2-Digit),Principal Characteristics By State and By Major Industry Groups (2-Digit),2004,Manufacture of coke and refined petroleum products,2004-2005,2007-2008
Major Industry Group for States (2-Digit),Principal Characteristics By State and By Major Industry Groups (2-Digit),2004,"Manufacture of Coke, Refined Petroleum Products and Nuclear Fuel",2004-2005,2007-2008
Major Industry Group for States (2-Digit),Principal Characteristics By State and By Major Industry Groups (2-Digit),2004,"manufacture of computer, electronic and optical products",2004-2005,2007-2008
Major Industry Group for States (2-Digit),Principal Characteristics By State and By Major Industry Groups (2-Digit),2004,Manufacture of electrical equipment,2004-2005,2007-2008
Major Industry Group for States (2-Digit),Principal Characteristics By State and By Major Industry Groups (2-Digit),2004,Manufacture of Electrical Machinery and Apparatus N.E.C.,2004-2005,2007-2008
Major Industry Group for States (2-Digit),Principal Characteristics By State and By Major Industry Groups (2-Digit),2004,"Manufacture of fabricated metal products, except machinery and equipment",2004-2005,2007-2008
Major Industry Group for States (2-Digit),Principal Characteristics By State and By Major Industry Groups (2-Digit),2004,"Manufacture of Fabricated Metal Products, Except Machinery and Equipments",2004-2005,2007-2008
Major Industry Group for States (2-Digit),Principal Characteristics By State and By Major Industry Groups (2-Digit),2004,Manufacture of Food Products and Beverages,2004-2005,2007-2008
Major Industry Group for States (2-Digit),Principal Characteristics By State and By Major Industry Groups (2-Digit),2004,Manufacture of furniture,2004-2005,2007-2008
Major Industry Group for States (2-Digit),Principal Characteristics By State and By Major Industry Groups (2-Digit),2004,Manufacture of Furniture; Manufacturing N.E.C.,2004-2005,2007-2008
Major Industry Group for States (2-Digit),Principal Characteristics By State and By Major Industry Groups (2-Digit),2004,Manufacture of leather and related products,2004-2005,2007-2008
Major Industry Group for States (2-Digit),Principal Characteristics By State and By Major Industry Groups (2-Digit),2004,Manufacture of machinery and equipment n.e.c,2004-2005,2007-2008
Major Industry Group for States (2-Digit),Principal Characteristics By State and By Major Industry Groups (2-Digit),2004,manufacture of machinery and equipment n.e.c.,2004-2005,2007-2008
Major Industry Group for States (2-Digit),Principal Characteristics By State and By Major Industry Groups (2-Digit),2004,Manufacture of Machinery and Equipments N.E.C,2004-2005,2007-2008
Major Industry Group for States (2-Digit),Principal Characteristics By State and By Major Industry Groups (2-Digit),2004,"Manufacture of Medical, Precision and Optical Instruments, Watches and Clocks",2004-2005,2007-2008
Major Industry Group for States (2-Digit),Principal Characteristics By State and By Major Industry Groups (2-Digit),2004,"Manufacture of motor vehicles, trailers and semi-trailers",2004-2005,2007-2008
Major Industry Group for States (2-Digit),Principal Characteristics By State and By Major Industry Groups (2-Digit),2004,"Manufacture of Office, Accounting and Computing Machinery",2004-2005,2007-2008
Major Industry Group for States (2-Digit),Principal Characteristics By State and By Major Industry Groups (2-Digit),2004,Manufacture of Other Non-Metallic Mineral Products,2004-2005,2007-2008
Major Industry Group for States (2-Digit),Principal Characteristics By State and By Major Industry Groups (2-Digit),2004,manufacture of other transport equipment,2004-2005,2007-2008
Major Industry Group for States (2-Digit),Principal Characteristics By State and By Major Industry Groups (2-Digit),2004,Manufacture of Paper and Paper Products,2004-2005,2007-2008
Major Industry Group for States (2-Digit),Principal Characteristics By State and By Major Industry Groups (2-Digit),2004,"Manufacture of pharmaceuticals, medicinal chemical and botanical products",2004-2005,2007-2008
Major Industry Group for States (2-Digit),Principal Characteristics By State and By Major Industry Groups (2-Digit),2004,"Manufacture of Radio, Television and Communication Equipments and Apparatus",2004-2005,2007-2008
Major Industry Group for States (2-Digit),Principal Characteristics By State and By Major Industry Groups (2-Digit),2004,Manufacture of Rubber and Plastic Products,2004-2005,2007-2008
Major Industry Group for States (2-Digit),Principal Characteristics By State and By Major Industry Groups (2-Digit),2004,manufacture of rubber and plastics products,2004-2005,2007-2008
Major Industry Group for States (2-Digit),Principal Characteristics By State and By Major Industry Groups (2-Digit),2004,Manufacture of Textiles,2004-2005,2007-2008
Major Industry Group for States (2-Digit),Principal Characteristics By State and By Major Industry Groups (2-Digit),2004,Manufacture of Tobacco Products,2004-2005,2007-2008
Major Industry Group for States (2-Digit),Principal Characteristics By State and By Major Industry Groups (2-Digit),2004,manufacture of wearing apparel,2004-2005,2007-2008
Major Industry Group for States (2-Digit),Principal Characteristics By State and By Major Industry Groups (2-Digit),2004,Manufacture of Wearing Apparel Dressing and Dyeing of Fur,2004-2005,2007-2008
Major Industry Group for States (2-Digit),Principal Characteristics By State and By Major Industry Groups (2-Digit),2004,"Manufacture of Wood and Products of Wood and Cork, Except Furniture, Manufacture of Articles of Straw and Plating Materials",2004-2005,2007-2008
Major Industry Group for States (2-Digit),Principal Characteristics By State and By Major Industry Groups (2-Digit),2004,"manufacture of wood and products of wood and cork, except furniture; manufacture of articles of straw and plaiting materials",2004-2005,2007-2008
Major Industry Group for States (2-Digit),Principal Characteristics By State and By Major Industry Groups (2-Digit),2004,"Manufacture of woodand of products of wood and cork,except furniture;  manufacture  of articles  of straw and  plaiting  materials",2004-2005,2007-2008
Major Industry Group for States (2-Digit),Principal Characteristics By State and By Major Industry Groups (2-Digit),2004,"Metal Products and Parts, except Machinery and Equipment",2004-2005,2007-2008
Major Industry Group for States (2-Digit),Principal Characteristics By State and By Major Industry Groups (2-Digit),2004,Non-Metallic Mineral Products,2004-2005,2007-2008
Major Industry Group for States (2-Digit),Principal Characteristics By State and By Major Industry Groups (2-Digit),2004,other manufacturing,2004-2005,2007-2008
Major Industry Group for States (2-Digit),Principal Characteristics By State and By Major Industry Groups (2-Digit),2004,Other Mining and Quarrying,2004-2005,2007-2008
Major Industry Group for States (2-Digit),Principal Characteristics By State and By Major Industry Groups (2-Digit),2004,"Paper & Paper Products and Printing, Publishing & Allied Industries",2004-2005,2007-2008
Major Industry Group for States (2-Digit),Principal Characteristics By State and By Major Industry Groups (2-Digit),2004,printing and reproduction of recorded media,2004-2005,2007-2008
Major Industry Group for States (2-Digit),Principal Characteristics By State and By Major Industry Groups (2-Digit),2004,"Printing and reproduction of recorded media (this division excludes publishing activities, see section J for publishing activities",2004-2005,2007-2008
Major Industry Group for States (2-Digit),Principal Characteristics By State and By Major Industry Groups (2-Digit),2004,"Publishing, Printing and Reproduction of Recorded Media",2004-2005,2007-2008
Major Industry Group for States (2-Digit),Principal Characteristics By State and By Major Industry Groups (2-Digit),2004,Recycling,2004-2005,2007-2008
Major Industry Group for States (2-Digit),Principal Characteristics By State and By Major Industry Groups (2-Digit),2004,Repair and installation of machinery and equipment,2004-2005,2007-2008
Major Industry Group for States (2-Digit),Principal Characteristics By State and By Major Industry Groups (2-Digit),2004,"Rubber, Plastic, Petroleum and Coal Products",2004-2005,2007-2008
Major Industry Group for States (2-Digit),Principal Characteristics By State and By Major Industry Groups (2-Digit),2004,"Tanning and Dressing of Leather Manufacture of Luggage, Handsbages, Saddlery, Harness and Footwear",2004-2005,2007-2008
Major Industry Group for States (2-Digit),Principal Characteristics By State and By Major Industry Groups (2-Digit),2004,Textile Products (including Wearing Apparel),2004-2005,2007-2008
Major Industry Group for States (2-Digit),Principal Characteristics By State and By Major Industry Groups (2-Digit),2004,Transport Equipment and Parts,2004-2005,2007-2008
Major Industry Group for States (2-Digit),Principal Characteristics By State and By Major Industry Groups (2-Digit),2004,Wood and Wood Products; Furniture and Fixtures,2004-2005,2007-2008
Major Industry Group for States (2-Digit),Principal Characteristics By State and By Major Industry Groups (2-Digit),2004,"Wool, Silk and man-made fibre textiles",2004-2005,2007-2008
Major Industry Group for States (2-Digit),Principal Characteristics By State and By Major Industry Groups (2-Digit),EPWRF Concorded Series,"Agriculture, Hunting and Related Service Activities",1980-1981,2023-2024
Major Industry Group for States (2-Digit),Principal Characteristics By State and By Major Industry Groups (2-Digit),EPWRF Concorded Series,Basic Chemicals & Chemical Products (except products of Petroleum & Coal),1980-1981,2023-2024
Major Industry Group for States (2-Digit),Principal Characteristics By State and By Major Industry Groups (2-Digit),EPWRF Concorded Series,Basic Metal and Alloy Industries,1980-1981,2023-2024
Major Industry Group for States (2-Digit),Principal Characteristics By State and By Major Industry Groups (2-Digit),EPWRF Concorded Series,"Beverages, Tobacco and Related Products",1980-1981,2023-2024
Major Industry Group for States (2-Digit),Principal Characteristics By State and By Major Industry Groups (2-Digit),EPWRF Concorded Series,Cotton Textiles,1980-1981,2023-2024
Major Industry Group for States (2-Digit),Principal Characteristics By State and By Major Industry Groups (2-Digit),EPWRF Concorded Series,"crop and animal production, hunting and related service activities",1980-1981,2023-2024
Major Industry Group for States (2-Digit),Principal Characteristics By State and By Major Industry Groups (2-Digit),EPWRF Concorded Series,Jute and other vegetable fibre Textiles (except cotton),1980-1981,2023-2024
Major Industry Group for States (2-Digit),Principal Characteristics By State and By Major Industry Groups (2-Digit),EPWRF Concorded Series,Leather and Leather & Fur Products,1980-1981,2023-2024
Major Industry Group for States (2-Digit),Principal Characteristics By State and By Major Industry Groups (2-Digit),EPWRF Concorded Series,Manufacture of Basic Metals,1980-1981,2023-2024
Major Industry Group for States (2-Digit),Principal Characteristics By State and By Major Industry Groups (2-Digit),EPWRF Concorded Series,Manufacture of beverages,1980-1981,2023-2024
Major Industry Group for States (2-Digit),Principal Characteristics By State and By Major Industry Groups (2-Digit),EPWRF Concorded Series,manufacture of chemicals and chemical products,1980-1981,2023-2024
Major Industry Group for States (2-Digit),Principal Characteristics By State and By Major Industry Groups (2-Digit),EPWRF Concorded Series,Manufacture of Chemicals and Products,1980-1981,2023-2024
Major Industry Group for States (2-Digit),Principal Characteristics By State and By Major Industry Groups (2-Digit),EPWRF Concorded Series,Manufacture of coke and refined petroleum products,1980-1981,2023-2024
Major Industry Group for States (2-Digit),Principal Characteristics By State and By Major Industry Groups (2-Digit),EPWRF Concorded Series,"Manufacture of Coke, Refined Petroleum Products and Nuclear Fuel",1980-1981,2023-2024
Major Industry Group for States (2-Digit),Principal Characteristics By State and By Major Industry Groups (2-Digit),EPWRF Concorded Series,"manufacture of computer, electronic and optical products",1980-1981,2023-2024
Major Industry Group for States (2-Digit),Principal Characteristics By State and By Major Industry Groups (2-Digit),EPWRF Concorded Series,Manufacture of electrical equipment,1980-1981,2023-2024
Major Industry Group for States (2-Digit),Principal Characteristics By State and By Major Industry Groups (2-Digit),EPWRF Concorded Series,Manufacture of Electrical Machinery and Apparatus N.E.C.,1980-1981,2023-2024
Major Industry Group for States (2-Digit),Principal Characteristics By State and By Major Industry Groups (2-Digit),EPWRF Concorded Series,"Manufacture of fabricated metal products, except machinery and equipment",1980-1981,2023-2024
Major Industry Group for States (2-Digit),Principal Characteristics By State and By Major Industry Groups (2-Digit),EPWRF Concorded Series,"Manufacture of Fabricated Metal Products, Except Machinery and Equipments",1980-1981,2023-2024
Major Industry Group for States (2-Digit),Principal Characteristics By State and By Major Industry Groups (2-Digit),EPWRF Concorded Series,manufacture of food products,1980-1981,2023-2024
Major Industry Group for States (2-Digit),Principal Characteristics By State and By Major Industry Groups (2-Digit),EPWRF Concorded Series,Manufacture of Food Products and Beverages,1980-1981,2023-2024
Major Industry Group for States (2-Digit),Principal Characteristics By State and By Major Industry Groups (2-Digit),EPWRF Concorded Series,Manufacture of furniture,1980-1981,2023-2024
Major Industry Group for States (2-Digit),Principal Characteristics By State and By Major Industry Groups (2-Digit),EPWRF Concorded Series,Manufacture of leather and related products,1980-1981,2023-2024
Major Industry Group for States (2-Digit),Principal Characteristics By State and By Major Industry Groups (2-Digit),EPWRF Concorded Series,Manufacture of machinery and equipment n.e.c,1980-1981,2023-2024
Major Industry Group for States (2-Digit),Principal Characteristics By State and By Major Industry Groups (2-Digit),EPWRF Concorded Series,manufacture of machinery and equipment n.e.c.,1980-1981,2023-2024
Major Industry Group for States (2-Digit),Principal Characteristics By State and By Major Industry Groups (2-Digit),EPWRF Concorded Series,Manufacture of Machinery and Equipments N.E.C,1980-1981,2023-2024
Major Industry Group for States (2-Digit),Principal Characteristics By State and By Major Industry Groups (2-Digit),EPWRF Concorded Series,"Manufacture of Medical, Precision and Optical Instruments, Watches and Clocks",1980-1981,2023-2024
Major Industry Group for States (2-Digit),Principal Characteristics By State and By Major Industry Groups (2-Digit),EPWRF Concorded Series,"Manufacture of motor vehicles, trailers and semi-trailers",1980-1981,2023-2024
Major Industry Group for States (2-Digit),Principal Characteristics By State and By Major Industry Groups (2-Digit),EPWRF Concorded Series,"Manufacture of Office, Accounting and Computing Machinery",1980-1981,2023-2024
Major Industry Group for States (2-Digit),Principal Characteristics By State and By Major Industry Groups (2-Digit),EPWRF Concorded Series,Manufacture of Other Non-Metallic Mineral Products,1980-1981,2023-2024
Major Industry Group for States (2-Digit),Principal Characteristics By State and By Major Industry Groups (2-Digit),EPWRF Concorded Series,manufacture of other transport equipment,1980-1981,2023-2024
Major Industry Group for States (2-Digit),Principal Characteristics By State and By Major Industry Groups (2-Digit),EPWRF Concorded Series,Manufacture of Paper and Paper Products,1980-1981,2023-2024
Major Industry Group for States (2-Digit),Principal Characteristics By State and By Major Industry Groups (2-Digit),EPWRF Concorded Series,"Manufacture of pharmaceuticals, medicinal chemical and botanical products",1980-1981,2023-2024
Major Industry Group for States (2-Digit),Principal Characteristics By State and By Major Industry Groups (2-Digit),EPWRF Concorded Series,"Manufacture of Radio, Television and Communication Equipments and Apparatus",1980-1981,2023-2024
Major Industry Group for States (2-Digit),Principal Characteristics By State and By Major Industry Groups (2-Digit),EPWRF Concorded Series,Manufacture of Rubber and Plastic Products,1980-1981,2023-2024
Major Industry Group for States (2-Digit),Principal Characteristics By State and By Major Industry Groups (2-Digit),EPWRF Concorded Series,manufacture of rubber and plastics products,1980-1981,2023-2024
Major Industry Group for States (2-Digit),Principal Characteristics By State and By Major Industry Groups (2-Digit),EPWRF Concorded Series,Manufacture of Textiles,1980-1981,2023-2024
Major Industry Group for States (2-Digit),Principal Characteristics By State and By Major Industry Groups (2-Digit),EPWRF Concorded Series,manufacture of tobacco products,1980-1981,2023-2024
Major Industry Group for States (2-Digit),Principal Characteristics By State and By Major Industry Groups (2-Digit),EPWRF Concorded Series,manufacture of wearing apparel,1980-1981,2023-2024
Major Industry Group for States (2-Digit),Principal Characteristics By State and By Major Industry Groups (2-Digit),EPWRF Concorded Series,Manufacture of Wearing Apparel Dressing and Dyeing of Fur,1980-1981,2023-2024
Major Industry Group for States (2-Digit),Principal Characteristics By State and By Major Industry Groups (2-Digit),EPWRF Concorded Series,"Manufacture of Wood and Products of Wood and Cork, Except Furniture, Manufacture of Articles of Straw and Plating Materials",1980-1981,2023-2024
Major Industry Group for States (2-Digit),Principal Characteristics By State and By Major Industry Groups (2-Digit),EPWRF Concorded Series,"manufacture of wood and products of wood and cork, except furniture; manufacture of articles of straw and plaiting materials",1980-1981,2023-2024
Major Industry Group for States (2-Digit),Principal Characteristics By State and By Major Industry Groups (2-Digit),EPWRF Concorded Series,"Manufacture of woodand of products of wood and cork,except furniture;  manufacture  of articles  of straw and  plaiting  materials",1980-1981,2023-2024
Major Industry Group for States (2-Digit),Principal Characteristics By State and By Major Industry Groups (2-Digit),EPWRF Concorded Series,Non-Metallic Mineral Products,1980-1981,2023-2024
Major Industry Group for States (2-Digit),Principal Characteristics By State and By Major Industry Groups (2-Digit),EPWRF Concorded Series,other manufacturing,1980-1981,2023-2024
Major Industry Group for States (2-Digit),Principal Characteristics By State and By Major Industry Groups (2-Digit),EPWRF Concorded Series,Other Manufacturing Industries,1980-1981,2023-2024
Major Industry Group for States (2-Digit),Principal Characteristics By State and By Major Industry Groups (2-Digit),EPWRF Concorded Series,Other Mining and Quarrying,1980-1981,2023-2024
Major Industry Group for States (2-Digit),Principal Characteristics By State and By Major Industry Groups (2-Digit),EPWRF Concorded Series,"Paper & Paper Products and Printing, Publishing & Allied Industries",1980-1981,2023-2024
Major Industry Group for States (2-Digit),Principal Characteristics By State and By Major Industry Groups (2-Digit),EPWRF Concorded Series,printing and reproduction of recorded media,1980-1981,2023-2024
Major Industry Group for States (2-Digit),Principal Characteristics By State and By Major Industry Groups (2-Digit),EPWRF Concorded Series,"Printing and reproduction of recorded media (this division excludes publishing activities, see section J for publishing activities",1980-1981,2023-2024
Major Industry Group for States (2-Digit),Principal Characteristics By State and By Major Industry Groups (2-Digit),EPWRF Concorded Series,Publishing activities,1980-1981,2023-2024
Major Industry Group for States (2-Digit),Principal Characteristics By State and By Major Industry Groups (2-Digit),EPWRF Concorded Series,"Publishing, Printing and Reproduction of Recorded Media",1980-1981,2023-2024
Major Industry Group for States (2-Digit),Principal Characteristics By State and By Major Industry Groups (2-Digit),EPWRF Concorded Series,Repair and installation of machinery and equipment,1980-1981,2023-2024
Major Industry Group for States (2-Digit),Principal Characteristics By State and By Major Industry Groups (2-Digit),EPWRF Concorded Series,"Rubber, Plastic, Petroleum and Coal Products",1980-1981,2023-2024
Major Industry Group for States (2-Digit),Principal Characteristics By State and By Major Industry Groups (2-Digit),EPWRF Concorded Series,"Tanning and Dressing of Leather Manufacture of Luggage, Handsbages, Saddlery, Harness and Footwear",1980-1981,2023-2024
Major Industry Group for States (2-Digit),Principal Characteristics By State and By Major Industry Groups (2-Digit),EPWRF Concorded Series,Textile Products (including Wearing Apparel),1980-1981,2023-2024
Major Industry Group for States (2-Digit),Principal Characteristics By State and By Major Industry Groups (2-Digit),EPWRF Concorded Series,"waste collection, treatment and disposal activities; materials recovery",1980-1981,2023-2024
Major Industry Group for States (2-Digit),Principal Characteristics By State and By Major Industry Groups (2-Digit),EPWRF Concorded Series,Wood and Wood Products; Furniture and Fixtures,1980-1981,2023-2024
Major Industry Group for States (2-Digit),Principal Characteristics By State and By Major Industry Groups (2-Digit),EPWRF Concorded Series,"Wool, Silk and man-made fibre textiles",1980-1981,2023-2024
Major Industry Group for States (2-Digit),Principal Characteristics By State and By Major Industry Groups (2-Digit),NIC-2008,"Agriculture, Hunting and Related Service Activities",2008-2009,2023-2024
Major Industry Group for States (2-Digit),Principal Characteristics By State and By Major Industry Groups (2-Digit),NIC-2008,Basic Chemicals & Chemical Products (except products of Petroleum & Coal),2008-2009,2023-2024
Major Industry Group for States (2-Digit),Principal Characteristics By State and By Major Industry Groups (2-Digit),NIC-2008,Basic Metal and Alloy Industries,2008-2009,2023-2024
Major Industry Group for States (2-Digit),Principal Characteristics By State and By Major Industry Groups (2-Digit),NIC-2008,"Beverages, Tobacco and Related Products",2008-2009,2023-2024
Major Industry Group for States (2-Digit),Principal Characteristics By State and By Major Industry Groups (2-Digit),NIC-2008,Cotton Textiles,2008-2009,2023-2024
Major Industry Group for States (2-Digit),Principal Characteristics By State and By Major Industry Groups (2-Digit),NIC-2008,"crop and animal production, hunting and related service activities",2008-2009,2023-2024
Major Industry Group for States (2-Digit),Principal Characteristics By State and By Major Industry Groups (2-Digit),NIC-2008,Jute and other vegetable fibre Textiles (except cotton),2008-2009,2023-2024
Major Industry Group for States (2-Digit),Principal Characteristics By State and By Major Industry Groups (2-Digit),NIC-2008,Leather and Leather & Fur Products,2008-2009,2023-2024
Major Industry Group for States (2-Digit),Principal Characteristics By State and By Major Industry Groups (2-Digit),NIC-2008,Manufacture of Basic Metals,2008-2009,2023-2024
Major Industry Group for States (2-Digit),Principal Characteristics By State and By Major Industry Groups (2-Digit),NIC-2008,Manufacture of beverages,2008-2009,2023-2024
Major Industry Group for States (2-Digit),Principal Characteristics By State and By Major Industry Groups (2-Digit),NIC-2008,manufacture of chemicals and chemical products,2008-2009,2023-2024
Major Industry Group for States (2-Digit),Principal Characteristics By State and By Major Industry Groups (2-Digit),NIC-2008,Manufacture of Chemicals and Products,2008-2009,2023-2024
Major Industry Group for States (2-Digit),Principal Characteristics By State and By Major Industry Groups (2-Digit),NIC-2008,Manufacture of coke and refined petroleum products,2008-2009,2023-2024
Major Industry Group for States (2-Digit),Principal Characteristics By State and By Major Industry Groups (2-Digit),NIC-2008,"Manufacture of Coke, Refined Petroleum Products and Nuclear Fuel",2008-2009,2023-2024
Major Industry Group for States (2-Digit),Principal Characteristics By State and By Major Industry Groups (2-Digit),NIC-2008,"manufacture of computer, electronic and optical products",2008-2009,2023-2024
Major Industry Group for States (2-Digit),Principal Characteristics By State and By Major Industry Groups (2-Digit),NIC-2008,Manufacture of electrical equipment,2008-2009,2023-2024
Major Industry Group for States (2-Digit),Principal Characteristics By State and By Major Industry Groups (2-Digit),NIC-2008,Manufacture of Electrical Machinery and Apparatus N.E.C.,2008-2009,2023-2024
Major Industry Group for States (2-Digit),Principal Characteristics By State and By Major Industry Groups (2-Digit),NIC-2008,"Manufacture of fabricated metal products, except machinery and equipment",2008-2009,2023-2024
Major Industry Group for States (2-Digit),Principal Characteristics By State and By Major Industry Groups (2-Digit),NIC-2008,"Manufacture of Fabricated Metal Products, Except Machinery and Equipments",2008-2009,2023-2024
Major Industry Group for States (2-Digit),Principal Characteristics By State and By Major Industry Groups (2-Digit),NIC-2008,manufacture of food products,2008-2009,2023-2024
Major Industry Group for States (2-Digit),Principal Characteristics By State and By Major Industry Groups (2-Digit),NIC-2008,Manufacture of Food Products and Beverages,2008-2009,2023-2024
Major Industry Group for States (2-Digit),Principal Characteristics By State and By Major Industry Groups (2-Digit),NIC-2008,Manufacture of furniture,2008-2009,2023-2024
Major Industry Group for States (2-Digit),Principal Characteristics By State and By Major Industry Groups (2-Digit),NIC-2008,Manufacture of leather and related products,2008-2009,2023-2024
Major Industry Group for States (2-Digit),Principal Characteristics By State and By Major Industry Groups (2-Digit),NIC-2008,Manufacture of machinery and equipment n.e.c,2008-2009,2023-2024
Major Industry Group for States (2-Digit),Principal Characteristics By State and By Major Industry Groups (2-Digit),NIC-2008,manufacture of machinery and equipment n.e.c.,2008-2009,2023-2024
Major Industry Group for States (2-Digit),Principal Characteristics By State and By Major Industry Groups (2-Digit),NIC-2008,Manufacture of Machinery and Equipments N.E.C,2008-2009,2023-2024
Major Industry Group for States (2-Digit),Principal Characteristics By State and By Major Industry Groups (2-Digit),NIC-2008,"Manufacture of Medical, Precision and Optical Instruments, Watches and Clocks",2008-2009,2023-2024
Major Industry Group for States (2-Digit),Principal Characteristics By State and By Major Industry Groups (2-Digit),NIC-2008,"Manufacture of motor vehicles, trailers and semi-trailers",2008-2009,2023-2024
Major Industry Group for States (2-Digit),Principal Characteristics By State and By Major Industry Groups (2-Digit),NIC-2008,"Manufacture of Office, Accounting and Computing Machinery",2008-2009,2023-2024
Major Industry Group for States (2-Digit),Principal Characteristics By State and By Major Industry Groups (2-Digit),NIC-2008,Manufacture of Other Non-Metallic Mineral Products,2008-2009,2023-2024
Major Industry Group for States (2-Digit),Principal Characteristics By State and By Major Industry Groups (2-Digit),NIC-2008,manufacture of other transport equipment,2008-2009,2023-2024
Major Industry Group for States (2-Digit),Principal Characteristics By State and By Major Industry Groups (2-Digit),NIC-2008,Manufacture of Paper and Paper Products,2008-2009,2023-2024
Major Industry Group for States (2-Digit),Principal Characteristics By State and By Major Industry Groups (2-Digit),NIC-2008,"Manufacture of pharmaceuticals, medicinal chemical and botanical products",2008-2009,2023-2024
Major Industry Group for States (2-Digit),Principal Characteristics By State and By Major Industry Groups (2-Digit),NIC-2008,"Manufacture of Radio, Television and Communication Equipments and Apparatus",2008-2009,2023-2024
Major Industry Group for States (2-Digit),Principal Characteristics By State and By Major Industry Groups (2-Digit),NIC-2008,Manufacture of Rubber and Plastic Products,2008-2009,2023-2024
Major Industry Group for States (2-Digit),Principal Characteristics By State and By Major Industry Groups (2-Digit),NIC-2008,manufacture of rubber and plastics products,2008-2009,2023-2024
Major Industry Group for States (2-Digit),Principal Characteristics By State and By Major Industry Groups (2-Digit),NIC-2008,Manufacture of Textiles,2008-2009,2023-2024
Major Industry Group for States (2-Digit),Principal Characteristics By State and By Major Industry Groups (2-Digit),NIC-2008,manufacture of tobacco products,2008-2009,2023-2024
Major Industry Group for States (2-Digit),Principal Characteristics By State and By Major Industry Groups (2-Digit),NIC-2008,manufacture of wearing apparel,2008-2009,2023-2024
Major Industry Group for States (2-Digit),Principal Characteristics By State and By Major Industry Groups (2-Digit),NIC-2008,Manufacture of Wearing Apparel Dressing and Dyeing of Fur,2008-2009,2023-2024
Major Industry Group for States (2-Digit),Principal Characteristics By State and By Major Industry Groups (2-Digit),NIC-2008,"Manufacture of Wood and Products of Wood and Cork, Except Furniture, Manufacture of Articles of Straw and Plating Materials",2008-2009,2023-2024
Major Industry Group for States (2-Digit),Principal Characteristics By State and By Major Industry Groups (2-Digit),NIC-2008,"manufacture of wood and products of wood and cork, except furniture; manufacture of articles of straw and plaiting materials",2008-2009,2023-2024
Major Industry Group for States (2-Digit),Principal Characteristics By State and By Major Industry Groups (2-Digit),NIC-2008,"Manufacture of woodand of products of wood and cork,except furniture;  manufacture  of articles  of straw and  plaiting  materials",2008-2009,2023-2024
Major Industry Group for States (2-Digit),Principal Characteristics By State and By Major Industry Groups (2-Digit),NIC-2008,Non-Metallic Mineral Products,2008-2009,2023-2024
Major Industry Group for States (2-Digit),Principal Characteristics By State and By Major Industry Groups (2-Digit),NIC-2008,other manufacturing,2008-2009,2023-2024
Major Industry Group for States (2-Digit),Principal Characteristics By State and By Major Industry Groups (2-Digit),NIC-2008,Other Manufacturing Industries,2008-2009,2023-2024
Major Industry Group for States (2-Digit),Principal Characteristics By State and By Major Industry Groups (2-Digit),NIC-2008,Other Mining and Quarrying,2008-2009,2023-2024
Major Industry Group for States (2-Digit),Principal Characteristics By State and By Major Industry Groups (2-Digit),NIC-2008,"Paper & Paper Products and Printing, Publishing & Allied Industries",2008-2009,2023-2024
Major Industry Group for States (2-Digit),Principal Characteristics By State and By Major Industry Groups (2-Digit),NIC-2008,printing and reproduction of recorded media,2008-2009,2023-2024
Major Industry Group for States (2-Digit),Principal Characteristics By State and By Major Industry Groups (2-Digit),NIC-2008,"Printing and reproduction of recorded media (this division excludes publishing activities, see section J for publishing activities",2008-2009,2023-2024
Major Industry Group for States (2-Digit),Principal Characteristics By State and By Major Industry Groups (2-Digit),NIC-2008,Publishing activities,2008-2009,2023-2024
Major Industry Group for States (2-Digit),Principal Characteristics By State and By Major Industry Groups (2-Digit),NIC-2008,"Publishing, Printing and Reproduction of Recorded Media",2008-2009,2023-2024
Major Industry Group for States (2-Digit),Principal Characteristics By State and By Major Industry Groups (2-Digit),NIC-2008,Repair and installation of machinery and equipment,2008-2009,2023-2024
Major Industry Group for States (2-Digit),Principal Characteristics By State and By Major Industry Groups (2-Digit),NIC-2008,"Rubber, Plastic, Petroleum and Coal Products",2008-2009,2023-2024
Major Industry Group for States (2-Digit),Principal Characteristics By State and By Major Industry Groups (2-Digit),NIC-2008,"Tanning and Dressing of Leather Manufacture of Luggage, Handsbages, Saddlery, Harness and Footwear",2008-2009,2023-2024
Major Industry Group for States (2-Digit),Principal Characteristics By State and By Major Industry Groups (2-Digit),NIC-2008,Textile Products (including Wearing Apparel),2008-2009,2023-2024
Major Industry Group for States (2-Digit),Principal Characteristics By State and By Major Industry Groups (2-Digit),NIC-2008,"waste collection, treatment and disposal activities; materials recovery",2008-2009,2023-2024
Major Industry Group for States (2-Digit),Principal Characteristics By State and By Major Industry Groups (2-Digit),NIC-2008,Wood and Wood Products; Furniture and Fixtures,2008-2009,2023-2024
,,,,,
,,,,,
,,,,,
,,,,,
,,,,,
,,,,,
Records: 1 - 294 of 295,,,,,
